episodio,estagio,recompensa_total,recompensa_media,retorno_medio,entropia_media,learning_rate,lambda_imitacao,autonomia_forcada,encontros_food,passos_ate_comer,acao_principal,semente
1,A,103.955,0.2599,0.26,1.564,0.0499,0.0,0,0,,frente,42
2,A,96.918,0.2423,0.242,0.654,0.0498,0.0,0,1,288,direita,42
3,A,168.522,0.4213,0.421,1.183,0.0497,0.0,0,2,118,frente,42
4,A,149.128,0.3728,0.373,0.805,0.0496,0.0,0,2,127,frente_esquerda,42
5,A,129.022,0.3226,0.323,0.003,0.0495,0.0,0,2,155,frente_direita,42
6,A,128.153,0.3204,0.32,0.098,0.0494,0.0,0,1,344,frente_direita,42
7,A,140.456,0.3511,0.351,0.0,0.0493,0.0,0,2,225,frente_direita,42
8,A,110.476,0.2762,0.276,0.001,0.04921,0.0,0,2,93,frente_direita,42
9,A,123.684,0.3092,0.309,0.0,0.04911,0.0,0,2,148,frente_direita,42
10,A,121.151,0.3029,0.303,0.0,0.04901,0.0,0,1,113,frente_direita,42
11,B,119.737,0.2993,0.299,0.0,0.04891,0.5,0,1,280,frente_direita,42
12,B,146.484,0.3662,0.366,0.0,0.04881,0.475,0,3,68,frente_direita,42
13,B,120.671,0.3017,0.302,0.028,0.04872,0.451,0,2,177,frente,42
14,B,78.274,0.1957,0.196,0.15,0.04862,0.429,0,0,,direita,42
15,B,69.447,0.1736,0.174,0.0,0.04852,0.407,0,1,74,esquerda,42
16,B,80.854,0.2021,0.202,0.0,0.04842,0.387,0,1,330,direita,42
17,B,117.386,0.2935,0.293,0.048,0.04833,0.368,0,1,163,direita,42
18,B,88.039,0.2201,0.22,0.041,0.04823,0.349,0,1,157,frente_esquerda,42
19,B,75.048,0.1876,0.188,-0.0,0.04813,0.332,0,1,333,esquerda,42
20,B,71.198,0.178,0.178,0.001,0.04804,0.315,0,1,125,esquerda,42
21,B,120.415,0.301,0.301,-0.0,0.04794,0.299,0,3,129,direita,42
22,B,46.708,0.1168,0.117,-0.0,0.04785,0.284,0,0,,direita,42
23,B,-81.698,-0.2042,-0.204,0.0,0.04775,0.27,0,0,,frente_direita,42
24,B,31.352,0.0784,0.078,-0.0,0.04765,0.257,0,0,,esquerda,42
25,B,34.712,0.0868,0.087,0.003,0.04756,0.244,0,0,,esquerda,42
26,B,53.606,0.134,0.134,-0.0,0.04746,0.232,0,0,,direita,42
27,B,13.007,0.0325,0.033,0.219,0.04737,0.22,0,0,,direita,42
28,B,54.018,0.135,0.135,-0.0,0.04727,0.209,0,0,,esquerda,42
29,B,59.654,0.1491,0.149,0.0,0.04718,0.199,0,0,,direita,42
30,B,62.607,0.1565,0.157,-0.0,0.04709,0.189,0,1,313,esquerda,42
31,C,48.544,0.1214,0.121,-0.0,0.04699,0.0,1,1,16,esquerda,42
32,C,73.265,0.1832,0.183,-0.0,0.0469,0.0,1,1,145,esquerda,42
33,C,67.57,0.1689,0.169,-0.0,0.0468,0.0,1,1,143,esquerda,42
34,C,62.382,0.156,0.156,-0.0,0.04671,0.0,1,1,253,esquerda,42
35,C,66.508,0.1663,0.166,-0.0,0.04662,0.0,1,1,225,esquerda,42
36,C,36.99,0.0925,0.092,-0.0,0.04652,0.0,1,1,305,esquerda,42
37,C,45.049,0.1126,0.113,-0.0,0.04643,0.0,1,0,,esquerda,42
38,C,52.316,0.1308,0.131,-0.0,0.04634,0.0,1,0,,esquerda,42
39,C,42.361,0.1059,0.106,-0.0,0.04624,0.0,1,0,,esquerda,42
40,C,39.683,0.0992,0.099,-0.0,0.04615,0.0,1,0,,esquerda,42
41,C,58.859,0.1471,0.147,-0.0,0.04606,0.0,1,0,,esquerda,42
42,C,47.037,0.1176,0.118,-0.0,0.04597,0.0,1,0,,esquerda,42
43,C,49.808,0.1245,0.125,-0.0,0.04588,0.0,1,1,171,esquerda,42
44,C,42.271,0.1057,0.106,-0.0,0.04578,0.0,1,0,,esquerda,42
45,C,45.654,0.1141,0.114,-0.0,0.04569,0.0,1,0,,esquerda,42
46,C,44.543,0.1114,0.111,-0.0,0.0456,0.0,1,0,,esquerda,42
47,C,40.289,0.1007,0.101,-0.0,0.04551,0.0,1,0,,esquerda,42
48,C,40.354,0.1009,0.101,-0.0,0.04542,0.0,1,1,281,esquerda,42
49,C,38.41,0.096,0.096,-0.0,0.04533,0.0,1,0,,esquerda,42
50,C,65.996,0.165,0.165,-0.0,0.04524,0.0,1,0,,esquerda,42
