episodio,estagio,recompensa_total,recompensa_media,retorno_medio,entropia_media,learning_rate,lambda_imitacao,autonomia_forcada,encontro_food,passos_ate_comer,colisao_obs,acao_principal,semente,maze
1,DQN,58.535,0.1463,0.146,0.2,0.0499,0.0,1,0,,0.0,esquerda,42,A
2,DQN,40.152,0.1004,0.1,0.2,0.0498,0.0,1,0,,0.0,frente,42,A
3,DQN,95.772,0.2394,0.239,0.2,0.0497,0.0,1,0,,0.0,frente_esquerda,42,A
4,DQN,76.208,0.1905,0.191,0.2,0.0496,0.0,1,0,,0.0,frente,42,A
5,DQN,23.877,0.0597,0.06,0.2,0.0495,0.0,1,0,,0.0,frente,42,A
6,DQN,6.202,0.0155,0.016,0.2,0.0494,0.0,1,0,,0.0,frente,42,A
7,DQN,15.003,0.0375,0.038,0.2,0.0493,0.0,1,0,,0.0,frente,42,A
8,DQN,99.55,0.2489,0.249,0.2,0.04921,0.0,1,0,,0.0,frente_esquerda,42,A
9,DQN,36.376,0.0909,0.091,0.2,0.04911,0.0,1,0,,0.0,frente,42,A
10,DQN,28.635,0.0716,0.072,0.2,0.04901,0.0,1,0,,0.0,frente,42,A
11,DQN,9.193,0.023,0.023,0.2,0.04891,0.5,1,0,,0.0,frente,42,A
12,DQN,10.919,0.0273,0.027,0.2,0.04881,0.475,1,0,,0.0,frente,42,A
13,DQN,51.913,0.1298,0.13,0.2,0.04872,0.451,1,0,,0.0,frente,42,A
14,DQN,42.201,0.1055,0.106,0.2,0.04862,0.429,1,0,,0.0,frente,42,A
15,DQN,10.595,0.0265,0.026,0.2,0.04852,0.407,1,0,,0.0,frente,42,A
16,DQN,85.65,0.2141,0.214,0.2,0.04842,0.387,1,1,202,0.0,frente,42,A
17,DQN,-13.265,-0.0332,-0.033,0.2,0.04833,0.368,1,0,,0.0,frente,42,A
18,DQN,44.032,0.1101,0.11,0.2,0.04823,0.349,1,0,,0.0,frente,42,A
19,DQN,-10.994,-0.0275,-0.027,0.2,0.04813,0.332,1,0,,0.0,frente,42,A
20,DQN,25.805,0.0645,0.065,0.2,0.04804,0.315,1,0,,0.0,frente,42,A
21,DQN,19.749,0.0494,0.049,0.2,0.04794,0.299,1,0,,0.0,frente,42,A
22,DQN,26.25,0.0656,0.066,0.2,0.04785,0.284,1,0,,0.0,frente,42,A
23,DQN,83.588,0.209,0.209,0.2,0.04775,0.27,1,0,,0.0,frente_esquerda,42,A
24,DQN,74.91,0.1873,0.187,0.2,0.04765,0.257,1,0,,0.0,frente,42,A
25,DQN,92.606,0.2315,0.232,0.2,0.04756,0.244,1,1,278,0.0,frente,42,A
26,DQN,19.904,0.0498,0.05,0.2,0.04746,0.232,1,0,,0.0,frente,42,A
27,DQN,39.013,0.0975,0.098,0.2,0.04737,0.22,1,0,,0.0,frente,42,A
28,DQN,14.862,0.0372,0.037,0.2,0.04727,0.209,1,0,,0.0,frente,42,A
29,DQN,51.917,0.1298,0.13,0.2,0.04718,0.199,1,0,,0.0,frente,42,A
30,DQN,34.397,0.086,0.086,0.2,0.04709,0.189,1,0,,0.0,frente,42,A
31,DQN,99.613,0.249,0.249,0.2,0.04699,0.0,1,0,,0.0,frente_esquerda,42,A
32,DQN,89.149,0.2229,0.223,0.2,0.0469,0.0,1,0,,0.0,frente_esquerda,42,A
33,DQN,60.662,0.1517,0.152,0.2,0.0468,0.0,1,0,,0.0,frente,42,A
34,DQN,15.611,0.039,0.039,0.2,0.04671,0.0,1,0,,0.0,frente,42,A
35,DQN,91.001,0.2275,0.228,0.2,0.04662,0.0,1,0,,0.0,frente,42,A
36,DQN,26.474,0.0662,0.066,0.2,0.04652,0.0,1,0,,0.0,frente,42,A
37,DQN,79.857,0.1996,0.2,0.2,0.04643,0.0,1,0,,0.0,frente,42,A
38,DQN,71.552,0.1789,0.179,0.2,0.04634,0.0,1,0,,0.0,frente,42,A
39,DQN,9.601,0.024,0.024,0.2,0.04624,0.0,1,0,,0.0,frente,42,A
40,DQN,57.19,0.143,0.143,0.2,0.04615,0.0,1,0,,0.0,frente,42,A
41,DQN,21.571,0.0539,0.054,0.2,0.04606,0.0,1,0,,0.0,frente,42,A
42,DQN,92.205,0.2305,0.231,0.2,0.04597,0.0,1,0,,0.0,frente_esquerda,42,A
43,DQN,68.065,0.1702,0.17,0.2,0.04588,0.0,1,0,,0.0,frente,42,A
44,DQN,85.565,0.2139,0.214,0.2,0.04578,0.0,1,0,,0.0,frente_esquerda,42,A
45,DQN,80.892,0.2022,0.202,0.2,0.04569,0.0,1,0,,0.0,frente,42,A
46,DQN,56.036,0.1401,0.14,0.2,0.0456,0.0,1,0,,0.0,frente,42,A
47,DQN,18.282,0.0457,0.046,0.2,0.04551,0.0,1,0,,0.0,frente,42,A
48,DQN,93.627,0.2341,0.234,0.2,0.04542,0.0,1,0,,0.0,frente,42,A
49,DQN,94.997,0.2375,0.237,0.2,0.04533,0.0,1,0,,0.0,frente_esquerda,42,A
50,DQN,103.673,0.2592,0.259,0.2,0.04524,0.0,1,0,,0.0,frente_esquerda,42,A
51,DQN,5.434,0.0136,0.014,0.2,0.04515,0.0,1,0,,0.0,frente,42,A
52,DQN,37.323,0.0933,0.093,0.2,0.04506,0.0,1,0,,0.0,frente,42,A
53,DQN,87.44,0.2186,0.219,0.2,0.04497,0.0,1,1,346,0.0,frente_esquerda,42,A
54,DQN,84.967,0.2124,0.212,0.2,0.04488,0.0,1,0,,0.0,frente_esquerda,42,A
55,DQN,23.967,0.0599,0.06,0.2,0.04479,0.0,1,0,,0.0,frente,42,A
56,DQN,11.674,0.0292,0.029,0.2,0.0447,0.0,1,0,,0.0,frente,42,A
57,DQN,21.752,0.0544,0.054,0.2,0.04461,0.0,1,0,,0.0,frente,42,A
58,DQN,13.503,0.0338,0.034,0.2,0.04452,0.0,1,0,,0.0,frente,42,A
59,DQN,28.682,0.0717,0.072,0.2,0.04443,0.0,1,0,,0.0,frente,42,A
60,DQN,13.569,0.0339,0.034,0.2,0.04434,0.0,1,0,,0.0,frente,42,A
61,DQN,9.91,0.0248,0.025,0.2,0.04425,0.0,1,0,,0.0,frente,42,A
62,DQN,53.17,0.1329,0.133,0.2,0.04416,0.0,1,0,,0.0,frente,42,A
63,DQN,59.907,0.1498,0.15,0.2,0.04408,0.0,1,0,,0.0,frente,42,A
64,DQN,22.372,0.0559,0.056,0.2,0.04399,0.0,1,0,,0.0,frente,42,A
65,DQN,88.315,0.2208,0.221,0.2,0.0439,0.0,1,1,342,0.0,frente_esquerda,42,A
66,DQN,13.911,0.0348,0.035,0.2,0.04381,0.0,1,0,,0.0,frente,42,A
67,DQN,28.472,0.0712,0.071,0.2,0.04372,0.0,1,0,,0.0,frente,42,A
68,DQN,96.39,0.241,0.241,0.2,0.04364,0.0,1,0,,0.0,frente_esquerda,42,A
69,DQN,10.125,0.0253,0.025,0.2,0.04355,0.0,1,0,,0.0,frente,42,A
70,DQN,62.898,0.1572,0.157,0.2,0.04346,0.0,1,0,,0.0,frente,42,A
71,DQN,21.997,0.055,0.055,0.2,0.04337,0.0,1,0,,0.0,frente,42,A
72,DQN,63.019,0.1575,0.158,0.2,0.04329,0.0,1,0,,0.0,frente,42,A
73,DQN,57.258,0.1431,0.143,0.2,0.0432,0.0,1,1,40,0.0,frente,42,A
74,DQN,13.544,0.0339,0.034,0.2,0.04312,0.0,1,0,,0.0,frente,42,A
75,DQN,77.474,0.1937,0.194,0.2,0.04303,0.0,1,0,,0.0,frente_esquerda,42,A
76,DQN,16.204,0.0405,0.041,0.2,0.04294,0.0,1,0,,0.0,frente,42,A
77,DQN,81.374,0.2034,0.203,0.2,0.04286,0.0,1,0,,0.0,frente_esquerda,42,A
78,DQN,23.797,0.0595,0.059,0.2,0.04277,0.0,1,0,,0.0,frente,42,A
79,DQN,59.448,0.1486,0.149,0.2,0.04269,0.0,1,0,,0.0,frente,42,A
80,DQN,14.928,0.0373,0.037,0.2,0.0426,0.0,1,0,,0.0,frente,42,A
81,DQN,9.288,0.0232,0.023,0.2,0.04252,0.0,1,0,,0.0,frente,42,A
82,DQN,17.439,0.0436,0.044,0.2,0.04243,0.0,1,0,,0.0,frente,42,A
83,DQN,55.991,0.14,0.14,0.2,0.04235,0.0,1,0,,0.0,frente,42,A
84,DQN,29.226,0.0731,0.073,0.2,0.04226,0.0,1,0,,0.0,frente,42,A
85,DQN,61.982,0.155,0.155,0.2,0.04218,0.0,1,0,,0.0,frente,42,A
86,DQN,37.838,0.0946,0.095,0.2,0.04209,0.0,1,0,,0.0,frente,42,A
87,DQN,13.508,0.0338,0.034,0.2,0.04201,0.0,1,0,,0.0,frente,42,A
88,DQN,10.661,0.0267,0.027,0.2,0.04192,0.0,1,0,,0.0,frente,42,A
89,DQN,69.126,0.1728,0.173,0.2,0.04184,0.0,1,0,,0.0,frente,42,A
90,DQN,37.394,0.0935,0.093,0.2,0.04176,0.0,1,0,,0.0,frente,42,A
91,DQN,22.374,0.0559,0.056,0.2,0.04167,0.0,1,0,,0.0,frente,42,A
92,DQN,82.405,0.206,0.206,0.2,0.04159,0.0,1,0,,0.0,frente,42,A
93,DQN,78.803,0.197,0.197,0.2,0.04151,0.0,1,0,,0.0,frente_esquerda,42,A
94,DQN,18.647,0.0466,0.047,0.2,0.04142,0.0,1,0,,0.0,frente,42,A
95,DQN,19.399,0.0485,0.048,0.2,0.04134,0.0,1,0,,0.0,frente,42,A
96,DQN,106.125,0.2653,0.265,0.2,0.04126,0.0,1,0,,0.0,frente_esquerda,42,A
97,DQN,66.474,0.1662,0.166,0.2,0.04117,0.0,1,0,,0.0,frente,42,A
98,DQN,43.628,0.1091,0.109,0.2,0.04109,0.0,1,0,,0.0,frente,42,A
99,DQN,87.628,0.2191,0.219,0.2,0.04101,0.0,1,1,30,0.0,frente_esquerda,42,A
100,DQN,14.394,0.036,0.036,0.2,0.04093,0.0,1,0,,0.0,frente,42,A
